Recenum,G
10010001,-0.005451581
10010002,0.008752247
10010003,0.029687732
10010004,0.03706679
10010005,0.038549393
10010006,0.040247066
10010007,0.034049793
10010008,0.025630537
10010009,0.019810919
10010010,0.011935355
10010011,-9.27E-05
10010012,-0.008439189
10010013,-0.017290672
10010014,-0.030812682
10010015,-0.044444312
10010016,-0.056181824
10010017,-0.077860257
10010018,-0.10043435
10010019,-0.124563602
10010020,-0.161853623
10010021,-0.20408651
10010022,-0.25572913
10010023,-0.319074779
10010024,-0.393335186
10010025,-0.483003955
10010026,-0.580153358
10010027,-0.693980764
10010028,-0.822284402
10010029,-0.948845639
10010030,-1.084055612
10010031,-1.222827732
10010032,-1.344449911
10010033,-1.447070837
10010034,-1.523549302
10010035,-1.55005502
10010036,-1.524139958
10010037,-1.421039002
10010038,-1.238955413
10010039,-0.965438539
10010040,-0.598239219
10010041,-0.155395191
10010042,0.36010927
10010043,0.916503554
10010044,1.473598764
10010045,2.012207427
10010046,2.492172237
10010047,2.893165626
10010048,3.197142259
10010049,3.394589293
10010050,3.481336436
10010051,3.457319374
10010052,3.320650893
10010053,3.083003236
10010054,2.74630748
10010055,2.324731975
10010056,1.837253369
10010057,1.300756234
10010058,0.746226222
10010059,0.209920713
10010060,-0.289335002
10010061,-0.720279375
10010062,-1.063591216
10010063,-1.318697686
10010064,-1.482466762
10010065,-1.567122081
10010066,-1.577385157
10010067,-1.532120083
10010068,-1.447065906
10010069,-1.331227003
10010070,-1.197496666
10010071,-1.057428547
10010072,-0.916751658
10010073,-0.780905527
10010074,-0.660547491
10010075,-0.544337019
10010076,-0.442969887
10010077,-0.362481429
10010078,-0.286789577
10010079,-0.228799538
10010080,-0.180114518
10010081,-0.139995676
10010082,-0.110267403
10010083,-0.082169234
10010084,-0.063164232
10010085,-0.049726656
10010086,-0.033417882
10010087,-0.0256145
10010088,-0.013567589
10010089,-0.002442118
10010090,0.003299471
10010091,0.011186378
10010092,0.02071112
10010093,0.025294092
10010094,0.030240772
10010095,0.034716029
10010096,0.034387881
10010097,0.027411627
10010098,0.017764988
10010099,-0.00138235
10010100,-0.005451559
10020001,-0.005451541
10020002,0.000178262
10020003,0.014519591
10020004,0.02403946
10020005,0.025823331
10020006,0.024779586
10020007,0.023641756
10020008,0.015642496
10020009,0.013864496
10020010,0.007287133
10020011,-0.001865131
10020012,-0.004088901
10020013,-0.012547997
10020014,-0.019723236
10020015,-0.028713625
10020016,-0.03921
10020017,-0.050123673
10020018,-0.064875377
10020019,-0.089361755
10020020,-0.113225554
10020021,-0.142411853
10020022,-0.189069529
10020023,-0.238743078
10020024,-0.297481747
10020025,-0.38025185
10020026,-0.468604755
10020027,-0.568885252
10020028,-0.688385385
10020029,-0.822716856
10020030,-0.957704136
10020031,-1.099824887
10020032,-1.24523886
10020033,-1.371380298
10020034,-1.475151233
10020035,-1.545826382
10020036,-1.556716469
10020037,-1.49568062
10020038,-1.352670668
10020039,-1.109096481
10020040,-0.756463888
10020041,-0.317109304
10020042,0.211556567
10020043,0.788710382
10020044,1.371053023
10020045,1.935962483
10020046,2.425199913
10020047,2.826101265
10020048,3.132597611
10020049,3.314224205
10020050,3.387187871
10020051,3.358933322
10020052,3.212131791
10020053,2.970061465
10020054,2.632108029
10020055,2.197977438
10020056,1.697963898
10020057,1.145955715
10020058,0.568371593
10020059,0.017551729
10020060,-0.486637682
10020061,-0.910008933
10020062,-1.224318484
10020063,-1.448863928
10020064,-1.570254399
10020065,-1.598293971
10020066,-1.567322584
10020067,-1.484223022
10020068,-1.357560974
10020069,-1.213077197
10020070,-1.066766241
10020071,-0.912033408
10020072,-0.767513706
10020073,-0.640209546
10020074,-0.521181577
10020075,-0.416432054
10020076,-0.333023607
10020077,-0.262414465
10020078,-0.198979616
10020079,-0.153086715
10020080,-0.119460836
10020081,-0.085439664
10020082,-0.067152326
10020083,-0.053019072
10020084,-0.036513508
10020085,-0.027551459
10020086,-0.023900654
10020087,-0.015219887
10020088,-0.010400317
10020089,-0.004272574
10020090,0.001034557
10020091,0.005400475
10020092,0.012685412
10020093,0.017375504
10020094,0.020531474
10020095,0.026430644
10020096,0.025216813
10020097,0.023528778
10020098,0.016499871
10020099,0.001778564
10020100,-0.005451533
10030001,-0.005451494
10030002,-0.009433855
10030003,0.000694556
10030004,0.007281538
10030005,0.015527898
10030006,0.01323002
10030007,0.011387021
10030008,0.009539759
10030009,0.007802928
10030010,0.001537886
10030011,-0.001301638
10030012,-0.001452606
10030013,-0.009659855
10030014,-0.012012492
10030015,-0.016558743
10030016,-0.023288787
10030017,-0.029462607
10030018,-0.036243714
10030019,-0.051339327
10030020,-0.068985697
10030021,-0.087216492
10030022,-0.119777389
10030023,-0.157376735
10030024,-0.204859607
10030025,-0.2676612
10030026,-0.340859534
10030027,-0.434115661
10030028,-0.539837939
10030029,-0.661208388
10030030,-0.801380618
10030031,-0.952498484
10030032,-1.105213642
10030033,-1.261358276
10030034,-1.399153159
10030035,-1.508336137
10030036,-1.571323169
10030037,-1.568507047
10030038,-1.47187894
10030039,-1.267180733
10030040,-0.946845448
10030041,-0.505947143
10030042,0.039375563
10030043,0.645633414
10030044,1.269287776
10030045,1.856015687
10030046,2.362417203
10030047,2.760033623
10030048,3.040093339
10030049,3.206571097
10030050,3.262268875
10030051,3.213195174
10030052,3.069175278
10030053,2.828630036
10030054,2.490139513
10030055,2.062177432
10030056,1.549087921
10030057,0.973310454
10030058,0.371842431
10030059,-0.207239563
10030060,-0.716581992
10030061,-1.124838622
10030062,-1.415270381
10030063,-1.581366916
10030064,-1.643674329
10030065,-1.618469447
10030066,-1.527452947
10030067,-1.390252202
10030068,-1.23016982
10030069,-1.061619057
10030070,-0.894379258
10030071,-0.738527548
10030072,-0.593954584
10030073,-0.471753211
10030074,-0.366757136
10030075,-0.280535794
10030076,-0.208224957
10030077,-0.155184742
10030078,-0.110839467
10030079,-0.081055184
10030080,-0.058427161
10030081,-0.039127891
10030082,-0.030383253
10030083,-0.023241451
10030084,-0.015935893
10030085,-0.014597825
10030086,-0.011294702
10030087,-0.008696049
10030088,-0.006751085
10030089,-0.007378657
10030090,0.001532832
10030091,0.000121839
10030092,0.003830972
10030093,0.010074992
10030094,0.013551015
10030095,0.011518888
10030096,0.013786982
10030097,0.014057697
10030098,0.002577138
10030099,-0.005846829
10030100,-0.005451491
10040001,-0.005451493
10040002,0.008870395
10040003,0.017341688
10040004,0.017410105
10040005,0.013318245
10040006,0.010454763
10040007,0.010047993
10040008,0.002536683
10040009,-0.001758832
10040010,-0.003924054
10040011,-0.006390791
10040012,-0.009587034
10040013,-0.011925638
10040014,-0.009095462
10040015,-0.014043269
10040016,-0.013667467
10040017,-0.012784556
10040018,-0.017472055
10040019,-0.018418228
10040020,-0.024240059
10040021,-0.031489135
10040022,-0.047966805
10040023,-0.066032257
10040024,-0.093843369
10040025,-0.13189273
10040026,-0.186151235
10040027,-0.253108993
10040028,-0.338643458
10040029,-0.447421768
10040030,-0.573444024
10040031,-0.719633716
10040032,-0.889863266
10040033,-1.064044541
10040034,-1.23958495
10040035,-1.408004474
10040036,-1.539442394
10040037,-1.603836711
10040038,-1.595073478
10040039,-1.462423459
10040040,-1.192838067
10040041,-0.779248915
10040042,-0.227166754
10040043,0.416289594
10040044,1.07102871
10040045,1.685479033
10040046,2.193158648
10040047,2.571102633
10040048,2.822806764
10040049,2.95931996
10040050,2.997080242
10040051,2.948280622
10040052,2.818921474
10040053,2.612392344
10040054,2.313165178
10040055,1.916691301
10040056,1.423033804
10040057,0.841027796
10040058,0.213064438
10040059,-0.38495261
10040060,-0.90637178
10040061,-1.296779146
10040062,-1.533940702
10040063,-1.640013188
10040064,-1.633564213
10040065,-1.537218021
10040066,-1.389317639
10040067,-1.212583288
10040068,-1.021340605
10040069,-0.837048614
10040070,-0.669909298
10040071,-0.519000873
10040072,-0.396180031
10040073,-0.293065585
10040074,-0.209692275
10040075,-0.148240865
10040076,-0.101209148
10040077,-0.065996598
10040078,-0.044660697
10040079,-0.031554436
10040080,-0.01948964
10040081,-0.012493254
10040082,-0.011880891
10040083,-0.00896389
10040084,-0.012374256
10040085,-0.008722504
10040086,-0.011903689
10040087,-0.012439095
10040088,-0.005445751
10040089,-0.008633448
10040090,-0.007684721
10040091,-0.003569161
10040092,-0.000551876
10040093,-0.000236692
10040094,0.002415558
10040095,0.008408459
10040096,0.005333549
10040097,0.00333177
10040098,0.004442617
10040099,-0.004063475
10040100,-0.005451473
10050001,-0.00545147
10050002,0.00601031
10050003,0.012664112
10050004,0.008129171
10050005,0.006207587
10050006,0.005198093
10050007,0.001269767
10050008,-0.003520998
10050009,-0.001852633
10050010,-0.005751442
10050011,-0.011263324
10050012,-0.008416985
10050013,-0.011168184
10050014,-0.010076242
10050015,-0.010289381
10050016,-0.010882816
10050017,-0.008192471
10050018,-0.007150695
10050019,-0.010657003
10050020,-0.009601383
10050021,-0.007527413
10050022,-0.017344357
10050023,-0.024705599
10050024,-0.035973706
10050025,-0.062868104
10050026,-0.093723804
10050027,-0.140605806
10050028,-0.207010045
10050029,-0.295378453
10050030,-0.405683621
10050031,-0.544384834
10050032,-0.711730487
10050033,-0.900625753
10050034,-1.103080601
10050035,-1.314954581
10050036,-1.501062731
10050037,-1.641444625
10050038,-1.704491122
10050039,-1.641933359
10050040,-1.418178514
10050041,-1.016627759
10050042,-0.425528358
10050043,0.292953183
10050044,1.035726254
10050045,1.701288468
10050046,2.207797186
10050047,2.550819421
10050048,2.752434191
10050049,2.827154402
10050050,2.821713504
10050051,2.75903087
10050052,2.631824806
10050053,2.452258232
10050054,2.199641858
10050055,1.830248445
10050056,1.345585258
10050057,0.738997606
10050058,0.047477604
10050059,-0.618668424
10050060,-1.167588056
10050061,-1.540514534
10050062,-1.722668675
10050063,-1.754620004
10050064,-1.663631104
10050065,-1.489899079
10050066,-1.280503522
10050067,-1.055840784
10050068,-0.836600078
10050069,-0.64156847
10050070,-0.474658345
10050071,-0.334267158
10050072,-0.224221348
10050073,-0.147645684
10050074,-0.088404117
10050075,-0.045448735
10050076,-0.022228162
10050077,-0.011195273
10050078,0.001922256
10050079,0.003991076
10050080,-0.000967131
10050081,0.002891327
10050082,-0.002710623
10050083,-0.008833004
10050084,-0.00658552
10050085,-0.007727945
10050086,-0.013336936
10050087,-0.009781166
10050088,-0.010677581
10050089,-0.009575405
10050090,-0.005292339
10050091,-0.009264121
10050092,-0.002238805
10050093,0.001071853
10050094,-0.003401807
10050095,0.000881403
10050096,0.001098068
10050097,-0.004305451
10050098,-0.00560525
10050099,-0.010418416
10050100,-0.005451431
10060001,-0.005451413
10060002,-0.010835095
10060003,-0.008825479
10060004,-0.005563038
10060005,-0.001044664
10060006,-0.004606906
10060007,-0.002961823
10060008,-0.002186991
10060009,-0.004390901
10060010,-0.007050332
10060011,-0.010319908
10060012,-0.006989661
10060013,-0.010459327
10060014,-0.012081853
10060015,-0.00846962
10060016,-0.008149194
10060017,-0.00891844
10060018,-0.001858872
10060019,0.000651299
10060020,0.002866328
10060021,0.010281746
10060022,0.011578257
10060023,0.0145298
10060024,0.013271074
10060025,0.003566343
10060026,-0.011876149
10060027,-0.041990896
10060028,-0.092510493
10060029,-0.166933467
10060030,-0.267861033
10060031,-0.406656198
10060032,-0.58136248
10060033,-0.790073706
10060034,-1.035747783
10060035,-1.300466051
10060036,-1.563134796
10060037,-1.796843039
10060038,-1.956191345
10060039,-1.980340427
10060040,-1.815793271
10060041,-1.416465493
10060042,-0.751874988
10060043,0.129151307
10060044,1.052228996
10060045,1.820125668
10060046,2.366857295
10060047,2.689133269
10060048,2.835647986
10060049,2.875580025
10060050,2.838248003
10060051,2.762992034
10060052,2.673378747
10060053,2.541230912
10060054,2.332907964
10060055,2.0182109
10060056,1.530472052
10060057,0.845100907
10060058,0.010118488
10060059,-0.820313841
10060060,-1.464874698
10060061,-1.850802544
10060062,-1.994855441
10060063,-1.952048213
10060064,-1.782698496
10060065,-1.536317446
10060066,-1.260786564
10060067,-0.990703944
10060068,-0.744177613
10060069,-0.529539974
10060070,-0.359716385
10060071,-0.227407765
10060072,-0.126957106
10060073,-0.063642817
10060074,-0.019121966
10060075,0.008958838
10060076,0.01900461
10060077,0.022433596
10060078,0.022869859
10060079,0.01545285
10060080,0.012200527
10060081,0.00676908
10060082,-0.002128824
10060083,-0.002628898
10060084,-0.00561158
10060085,-0.011327157
10060086,-0.010016454
10060087,-0.011853384
10060088,-0.01160191
10060089,-0.011272829
10060090,-0.007456784
10060091,-0.00933276
10060092,-0.006702336
10060093,-0.001989834
10060094,-0.000939687
10060095,-0.001334911
10060096,0.000323448
10060097,0.002151477
10060098,0.000861573
10060099,-0.002243707
10060100,-0.005451424
10070001,-0.005451414
10070002,-0.001795145
10070003,-6.47E-05
10070004,0.000803666
10070005,-0.001385499
10070006,-0.003575186
10070007,-0.002101597
10070008,-0.004667902
10070009,-0.008349812
10070010,-0.008899003
10070011,-0.007363041
10070012,-0.010741862
10070013,-0.011992304
10070014,-0.007325758
10070015,-0.010865738
10070016,-0.010016831
10070017,-0.006771628
10070018,-0.004384074
10070019,0.001923754
10070020,0.005579637
10070021,0.018580988
10070022,0.024068232
10070023,0.031492119
10070024,0.039157174
10070025,0.044092038
10070026,0.034578682
10070027,0.016070498
10070028,-0.014052726
10070029,-0.079581107
10070030,-0.171676936
10070031,-0.300618001
10070032,-0.481746498
10070033,-0.711495227
10070034,-0.98397656
10070035,-1.300123639
10070036,-1.636782595
10070037,-1.951816753
10070038,-2.206205138
10070039,-2.328404518
10070040,-2.231673525
10070041,-1.836760623
10070042,-1.079947603
10070043,0.04096225
10070044,1.238452314
10070045,2.13741169
10070046,2.694231528
10070047,2.963684719
10070048,3.036170796
10070049,2.991248952
10070050,2.896128173
10070051,2.795185106
10070052,2.710188204
10070053,2.620587604
10070054,2.478973386
10070055,2.216062569
10070056,1.746010876
10070057,0.988500516
10070058,-0.063076434
10070059,-1.136921111
10070060,-1.884745315
10070061,-2.259454398
10070062,-2.333208051
10070063,-2.194439798
10070064,-1.920963082
10070065,-1.587178512
10070066,-1.246790805
10070067,-0.921224198
10070068,-0.644253
10070069,-0.420374667
10070070,-0.245836017
10070071,-0.118845558
10070072,-0.03700509
10070073,0.016007044
10070074,0.048431378
10070075,0.05422875
10070076,0.05524836
10070077,0.051074925
10070078,0.03834602
10070079,0.025492324
10070080,0.016916293
10070081,0.010516837
10070082,-0.000170338
10070083,-0.00652051
10070084,-0.009340334
10070085,-0.009433269
10070086,-0.012219262
10070087,-0.011054215
10070088,-0.009198895
10070089,-0.011162024
10070090,-0.010053325
10070091,-0.007566568
10070092,-0.006659821
10070093,-0.006921324
10070094,-0.00391392
10070095,0.000147923
10070096,-0.00297837
10070097,-0.001600248
10070098,0.001259624
10070099,-0.002150128
10070100,-0.005451412
10080001,-0.00545141
10080002,0.000899277
10080003,0.002723415
10080004,0.00084431
10080005,-0.00175535
10080006,-0.000858353
10080007,-0.004315948
10080008,-0.007374595
10080009,-0.006633317
10080010,-0.008670497
10080011,-0.010704867
10080012,-0.009236993
10080013,-0.01135939
10080014,-0.011427764
10080015,-0.010375436
10080016,-0.012376428
10080017,-0.008184498
10080018,-0.003792455
10080019,-0.000483243
10080020,0.009103204
10080021,0.020897393
10080022,0.029924399
10080023,0.045461765
10080024,0.061536994
10080025,0.070694877
10080026,0.078426838
10080027,0.076343096
10080028,0.052071328
10080029,0.003323001
10080030,-0.076378846
10080031,-0.203569018
10080032,-0.385520847
10080033,-0.626858418
10080034,-0.929299677
10080035,-1.293790444
10080036,-1.691662838
10080037,-2.091546533
10080038,-2.439753123
10080039,-2.653354487
10080040,-2.632832621
10080041,-2.2589274
10080042,-1.423949623
10080043,-0.103383999
10080044,1.335352502
10080045,2.376094709
10080046,2.924285907
10080047,3.160578111
10080048,3.204912608
10080049,3.077086096
10080050,2.947988548
10080051,2.871859392
10080052,2.781541768
10080053,2.744546349
10080054,2.704316388
10080055,2.473637136
10080056,2.02111209
10080057,1.22627092
10080058,-0.040868877
10080059,-1.344737897
10080060,-2.188435446
10080061,-2.574859367
10080062,-2.601865825
10080063,-2.393825566
10080064,-2.052860166
10080065,-1.651231678
10080066,-1.259272053
10080067,-0.902288304
10080068,-0.600766378
10080069,-0.3653616
10080070,-0.188361276
10080071,-0.064805071
10080072,0.015336429
10080073,0.057824734
10080074,0.078855825
10080075,0.083670484
10080076,0.073537155
10080077,0.060338195
10080078,0.048033651
10080079,0.032861886
10080080,0.017546481
10080081,0.011531723
10080082,0.001869129
10080083,-0.006651783
10080084,-0.007361671
10080085,-0.009592814
10080086,-0.011976202
10080087,-0.01040949
10080088,-0.009363139
10080089,-0.009893554
10080090,-0.006990351
10080091,-0.009581225
10080092,-0.007221267
10080093,-0.002746021
10080094,-0.00630169
10080095,-0.00338968
10080096,-0.003515038
10080097,-0.006874366
10080098,-0.00635329
10080099,-0.008158349
10080100,-0.005451385
10090001,-0.005451379
10090002,-0.007573554
10090003,-0.007741766
10090004,-0.004455838
10090005,-0.005613556
10090006,-0.006450124
10090007,-0.004199003
10090008,-0.005419242
10090009,-0.008014007
10090010,-0.00788331
10090011,-0.009560095
10090012,-0.010866912
10090013,-0.009561554
10090014,-0.009988801
10090015,-0.011089714
10090016,-0.009730961
10090017,-0.008695554
10090018,-0.005363837
10090019,0.002262962
10090020,0.011504096
10090021,0.023551082
10090022,0.035983336
10090023,0.053248539
10090024,0.071785194
10090025,0.085089218
10090026,0.097434694
10090027,0.097649613
10090028,0.078281471
10090029,0.036280367
10090030,-0.045349634
10090031,-0.172833169
10090032,-0.358300889
10090033,-0.612384047
10090034,-0.939218664
10090035,-1.327035832
10090036,-1.765630415
10090037,-2.21284985
10090038,-2.610355713
10090039,-2.870623772
10090040,-2.869483959
10090041,-2.482287205
10090042,-1.578922734
10090043,-0.119026848
10090044,1.455455611
10090045,2.564758112
10090046,3.17698009
10090047,3.40375651
10090048,3.382831289
10090049,3.242061556
10090050,3.066744834
10090051,2.922310567
10090052,2.846284039
10090053,2.81516392
10090054,2.759701366
10090055,2.5775826
10090056,2.126589151
10090057,1.261224336
10090058,-0.071682849
10090059,-1.468323445
10090060,-2.374325497
10090061,-2.763886133
10090062,-2.768011007
10090063,-2.522598646
10090064,-2.136678719
10090065,-1.702047896
10090066,-1.276533103
10090067,-0.896791413
10090068,-0.584353862
10090069,-0.336977237
10090070,-0.156315719
10090071,-0.037207838
10090072,0.040085849
10090073,0.082591061
10090074,0.098031023
10090075,0.096125788
10090076,0.087652612
10090077,0.069781031
10090078,0.051549312
10090079,0.03745963
10090080,0.02242444
10090081,0.010672137
10090082,0.001976355
10090083,-0.004822071
10090084,-0.008339541
10090085,-0.010544604
10090086,-0.010696435
10090087,-0.010644857
10090088,-0.010156316
10090089,-0.010248659
10090090,-0.010529574
10090091,-0.008529488
10090092,-0.007036993
10090093,-0.006790077
10090094,-0.005164705
10090095,-0.003519098
10090096,-0.003882784
10090097,-0.003644182
10090098,-0.000885082
10090099,-0.002389579
10090100,-0.005451391
10100001,-0.005451385
10100002,-0.004172102
10100003,-0.003703244
10100004,-0.003631879
10100005,-0.005192815
10100006,-0.004978956
10100007,-0.004258739
10100008,-0.006309512
10100009,-0.00775365
10100010,-0.008534748
10100011,-0.009894664
10100012,-0.010357715
10100013,-0.010379515
10100014,-0.011005021
10100015,-0.009865397
10100016,-0.011174321
10100017,-0.009734984
10100018,-0.003599672
10100019,0.002568675
10100020,0.010744073
10100021,0.024766861
10100022,0.038202659
10100023,0.055468495
10100024,0.073606051
10100025,0.090679967
10100026,0.102826133
10100027,0.101988814
10100028,0.08708112
10100029,0.04400131
10100030,-0.037424421
10100031,-0.165392197
10100032,-0.353462462
10100033,-0.612476333
10100034,-0.9448509
10100035,-1.342428559
10100036,-1.793847438
10100037,-2.254210454
10100038,-2.663982336
10100039,-2.936449243
10100040,-2.938726988
10100041,-2.542422587
10100042,-1.613273531
10100043,-0.111180027
10100044,1.511488357
10100045,2.657065509
10100046,3.290219859
10100047,3.522386029
10100048,3.492003868
10100049,3.326434622
10100050,3.110774087
10100051,2.918941458
10100052,2.804266115
10100053,2.751081402
10100054,2.690601205
10100055,2.514621009
10100056,2.074774124
10100057,1.223076347
10100058,-0.095308534
10100059,-1.480962004
10100060,-2.378848454
10100061,-2.762291483
10100062,-2.762678852
10100063,-2.515643695
10100064,-2.128696634
10100065,-1.692891647
10100066,-1.270774405
10100067,-0.890521704
10100068,-0.577953533
10100069,-0.333881594
10100070,-0.153774901
10100071,-0.034343675
10100072,0.040903505
10100073,0.083038164
10100074,0.098478446
10100075,0.097631182
10100076,0.086617094
10100077,0.068601359
10100078,0.053294729
10100079,0.035882559
10100080,0.021949208
10100081,0.011741755
10100082,0.001725596
10100083,-0.004576138
10100084,-0.007765053
10100085,-0.011131726
10100086,-0.010595909
10100087,-0.009996874
10100088,-0.011091748
10100089,-0.010227083
10100090,-0.009664406
10100091,-0.008921365
10100092,-0.007448677
10100093,-0.006643487
10100094,-0.005202537
10100095,-0.003805188
10100096,-0.003801336
10100097,-0.003230163
10100098,-0.000825435
10100099,-0.002028012
10100100,-0.005451391
10110001,-0.005451401
10110002,-0.000857304
10110003,0.000678444
10110004,-0.000401225
10110005,-0.003194465
10110006,-0.00087566
10110007,-0.004668939
10110008,-0.007188676
10110009,-0.006398494
10110010,-0.009576379
10110011,-0.010641248
10110012,-0.009451651
10110013,-0.011122449
10110014,-0.010696868
10110015,-0.01046632
10110016,-0.013304439
10110017,-0.007329767
10110018,-0.003225366
10110019,-0.000305922
10110020,0.010748088
10110021,0.023152169
10110022,0.0345257
10110023,0.051366485
10110024,0.069518117
10110025,0.083244938
10110026,0.092956913
10110027,0.093655572
10110028,0.073458614
10110029,0.026953749
10110030,-0.053130385
10110031,-0.182494089
10110032,-0.369943384
10110033,-0.625963384
10110034,-0.947024472
10110035,-1.336162064
10110036,-1.771164869
10110037,-2.209074585
10110038,-2.596673741
10110039,-2.845621058
10110040,-2.839152103
10110041,-2.442407504
10110042,-1.533562747
10110043,-0.08116762
10110044,1.503228403
10110045,2.651601972
10110046,3.258286922
10110047,3.509215403
10110048,3.528381768
10110049,3.330163736
10110050,3.080977387
10110051,2.85667154
10110052,2.648979142
10110053,2.550461534
10110054,2.498918039
10110055,2.290461439
10110056,1.872886378
10110057,1.117143874
10110058,-0.108300012
10110059,-1.381688204
10110060,-2.200823531
10110061,-2.568033708
10110062,-2.585725627
10110063,-2.372903581
10110064,-2.027902176
10110065,-1.62819593
10110066,-1.239046025
10110067,-0.885054916
10110068,-0.586327119
10110069,-0.355412792
10110070,-0.180720577
10110071,-0.058909808
10110072,0.01897217
10110073,0.059517161
10110074,0.080359085
10110075,0.08481158
10110076,0.074192351
10110077,0.059748422
10110078,0.047462715
10110079,0.032935868
10110080,0.017594537
10110081,0.011586685
10110082,0.001999988
10110083,-0.007007614
10110084,-0.007398944
10110085,-0.009134903
10110086,-0.012141645
10110087,-0.009616334
10110088,-0.009997171
10110089,-0.009647973
10110090,-0.006861768
10110091,-0.008537604
10110092,-0.006873397
10110093,-0.004026592
10110094,-0.0068017
10110095,-0.004011038
10110096,-0.003793493
10110097,-0.006970801
10110098,-0.005715506
10110099,-0.007520995
10110100,-0.005451384
10120001,-0.005451405
10120002,-0.002935462
10120003,-0.001536667
10120004,-0.0012743
10120005,-0.001794818
10120006,-0.004809421
10120007,-0.002747834
10120008,-0.004730254
10120009,-0.008576016
10120010,-0.008777694
10120011,-0.007787583
10120012,-0.011341268
10120013,-0.012458174
10120014,-0.008069982
10120015,-0.012344282
10120016,-0.011383662
10120017,-0.008527721
10120018,-0.005692858
10120019,0.000587137
10120020,0.006439815
10120021,0.021230589
10120022,0.030777439
10120023,0.043152089
10120024,0.05717239
10120025,0.070207487
10120026,0.070627168
10120027,0.062957655
10120028,0.043196153
10120029,-0.011722435
10120030,-0.096881146
10120031,-0.22318204
10120032,-0.406621255
10120033,-0.651558869
10120034,-0.951772248
10120035,-1.305886967
10120036,-1.699243732
10120037,-2.0829383
10120038,-2.412991515
10120039,-2.608994142
10120040,-2.562373773
10120041,-2.170214975
10120042,-1.331612993
10120043,-0.010884036
10120044,1.4195886
10120045,2.464549225
10120046,3.092302876
10120047,3.379413799
10120048,3.42179055
10120049,3.28983647
10120050,3.027583909
10120051,2.680688075
10120052,2.428501328
10120053,2.282478571
10120054,2.156848359
10120055,1.953177989
10120056,1.557979404
10120057,0.874937217
10120058,-0.108511269
10120059,-1.133547216
10120060,-1.84359193
10120061,-2.193523826
10120062,-2.25777137
10120063,-2.117182363
10120064,-1.847113714
10120065,-1.52281325
10120066,-1.191540152
10120067,-0.876961072
10120068,-0.61038739
10120069,-0.396391649
10120070,-0.22972721
10120071,-0.108766172
10120072,-0.032170345
10120073,0.01850314
10120074,0.04819378
10120075,0.053513753
10120076,0.053615239
10120077,0.049387556
10120078,0.036786503
10120079,0.024246116
10120080,0.016191132
10120081,0.009892499
10120082,-0.000396466
10120083,-0.005990638
10120084,-0.008964959
10120085,-0.008059395
10120086,-0.01196804
10120087,-0.010663758
10120088,-0.008029043
10120089,-0.011199878
10120090,-0.009922182
10120091,-0.007195099
10120092,-0.007950103
10120093,-0.00774815
10120094,-0.004112769
10120095,-0.001206561
10120096,-0.003211601
10120097,-0.002364787
10120098,0.001053545
10120099,-0.001959852
10120100,-0.005451407
10130001,-0.005451405
10130002,-0.010125138
10130003,-0.008602913
10130004,-0.006104726
10130005,-0.002103408
10130006,-0.004073324
10130007,-0.004190829
10130008,-0.003330633
10130009,-0.004389
10130010,-0.008286935
10130011,-0.010618016
10130012,-0.007600699
10130013,-0.010722033
10130014,-0.012080433
10130015,-0.009693343
10130016,-0.008818479
10130017,-0.009304471
10130018,-0.002272768
10130019,0.002531256
10130020,0.00532645
10130021,0.015549947
10130022,0.022447384
10130023,0.028941764
10130024,0.03617402
10130025,0.035376423
10130026,0.027761125
10130027,0.009165915
10130028,-0.031863812
10130029,-0.099812786
10130030,-0.194274907
10130031,-0.333641499
10130032,-0.517664752
10130033,-0.746038699
10130034,-1.024953597
10130035,-1.33692974
10130036,-1.660569772
10130037,-1.967777139
10130038,-2.206106526
10130039,-2.299385506
10130040,-2.178084642
10130041,-1.767888921
10130042,-1.000270749
10130043,0.101115802
10130044,1.279341873
10130045,2.21445482
10130046,2.842702916
10130047,3.185611171
10130048,3.29900677
10130049,3.235104586
10130050,3.010848468
10130051,2.668412588
10130052,2.387443952
10130053,2.18141355
10130054,1.977326111
10130055,1.713705484
10130056,1.301094634
10130057,0.693478935
10130058,-0.070776792
10130059,-0.843159815
10130060,-1.444397355
10130061,-1.801115964
10130062,-1.927557411
10130063,-1.878882457
10130064,-1.711265983
10130065,-1.469337099
10130066,-1.202118027
10130067,-0.943387187
10130068,-0.705091841
10130069,-0.500641644
10130070,-0.340516782
10130071,-0.212674767
10130072,-0.118979995
10130073,-0.059090785
10130074,-0.015830513
10130075,0.009249804
10130076,0.019274946
10130077,0.022369435
10130078,0.021527518
10130079,0.015263534
10130080,0.011650237
10130081,0.006407662
10130082,-0.001678675
10130083,-0.002665219
10130084,-0.004685668
10130085,-0.010576797
10130086,-0.009838513
10130087,-0.009910067
10130088,-0.011493208
10130089,-0.011216836
10130090,-0.006961149
10130091,-0.009863347
10130092,-0.007018962
10130093,-0.003475285
10130094,-0.002258086
10130095,-0.002414719
10130096,-0.00036083
10130097,0.002115875
10130098,0.000497057
10130099,-0.001810019
10130100,-0.005451418
10140001,-0.005451456
10140002,0.003842721
10140003,0.009218809
10140004,0.005641044
10140005,0.002722037
10140006,0.002587076
10140007,-8.16E-05
10140008,-0.006032935
10140009,-0.004075636
10140010,-0.007018682
10140011,-0.013007042
10140012,-0.01015274
10140013,-0.011813041
10140014,-0.010600765
10140015,-0.011710359
10140016,-0.011589859
10140017,-0.006601356
10140018,-0.004360311
10140019,-0.004459617
10140020,0.001490844
10140021,0.007840589
10140022,0.006814946
10140023,0.00975887
10140024,0.007766439
10140025,-0.006374064
10140026,-0.022847863
10140027,-0.056688705
10140028,-0.110231006
10140029,-0.188690109
10140030,-0.292787314
10140031,-0.435021129
10140032,-0.610869618
10140033,-0.824790363
10140034,-1.064348551
10140035,-1.325127285
10140036,-1.579859981
10140037,-1.794584194
10140038,-1.930841519
10140039,-1.936412951
10140040,-1.749206777
10140041,-1.331754715
10140042,-0.660518954
10140043,0.209338516
10140044,1.124843127
10140045,1.922633444
10140046,2.503723199
10140047,2.866618861
10140048,3.03553558
10140049,3.020564819
10140050,2.869494629
10140051,2.632281864
10140052,2.370860537
10140053,2.126135097
10140054,1.873894322
10140055,1.553137491
10140056,1.135115349
10140057,0.604530809
10140058,-0.010546677
10140059,-0.617189942
10140060,-1.11833408
10140061,-1.455608967
10140062,-1.620328924
10140063,-1.6428098
10140064,-1.55214828
10140065,-1.385422575
10140066,-1.186489187
10140067,-0.975157139
10140068,-0.770163649
10140069,-0.588265431
10140070,-0.432525154
10140071,-0.303582833
10140072,-0.203183766
10140073,-0.132633029
10140074,-0.078825177
10140075,-0.040534761
10140076,-0.019114594
10140077,-0.010301295
10140078,0.000869154
10140079,0.003284511
10140080,-0.001668714
10140081,0.001894436
10140082,-0.002918721
10140083,-0.008440753
10140084,-0.007048026
10140085,-0.007760168
10140086,-0.011569863
10140087,-0.009427554
10140088,-0.010207697
10140089,-0.008721289
10140090,-0.005717417
10140091,-0.009236215
10140092,-0.002632392
10140093,-0.001225915
10140094,-0.005024792
10140095,-7.75E-05
10140096,-0.001115746
10140097,-0.005592662
10140098,-0.006338314
10140099,-0.010847807
10140100,-0.005451423
10150001,-0.005451481
10150002,0.009300173
10150003,0.017058556
10150004,0.01468708
10150005,0.010214816
10150006,0.008158993
10150007,0.006890154
10150008,1.90E-07
10150009,-0.003687952
10150010,-0.006071508
10150011,-0.007046852
10150012,-0.010491355
10150013,-0.013589015
10150014,-0.008124193
10150015,-0.013126987
10150016,-0.012242167
10150017,-0.009035478
10150018,-0.010336978
10150019,-0.008274345
10150020,-0.011624177
10150021,-0.011172527
10150022,-0.019721469
10150023,-0.031457601
10150024,-0.050586297
10150025,-0.075253105
10150026,-0.12141422
10150027,-0.179289699
10150028,-0.252274684
10150029,-0.35703374
10150030,-0.482728169
10150031,-0.63321316
10150032,-0.818265968
10150033,-1.017125116
10150034,-1.227608857
10150035,-1.442274121
10150036,-1.628353852
10150037,-1.752933759
10150038,-1.798379702
10150039,-1.707762614
10150040,-1.453321972
10150041,-1.015252675
10150042,-0.391316253
10150043,0.36176614
10150044,1.141181317
10150045,1.857853834
10150046,2.429238922
10150047,2.824393017
10150048,3.046980131
10150049,3.109345479
10150050,3.036278803
10150051,2.864852378
10150052,2.632643831
10150053,2.366450293
10150054,2.053534133
10150055,1.679109995
10150056,1.23149467
10150057,0.707802663
10150058,0.138456695
10150059,-0.406757455
10150060,-0.884823822
10150061,-1.241857638
10150062,-1.458361625
10150063,-1.552652399
10150064,-1.541967047
10150065,-1.446412958
10150066,-1.308829893
10150067,-1.139562606
10150068,-0.956380094
10150069,-0.786005011
10150070,-0.62902711
10150071,-0.484628185
10150072,-0.371752184
10150073,-0.276034124
10150074,-0.196385215
10150075,-0.138664678
10150076,-0.095817998
10150077,-0.063098518
10150078,-0.041786719
10150079,-0.030141675
10150080,-0.019564406
10150081,-0.012005075
10150082,-0.010698575
10150083,-0.008874717
10150084,-0.011081821
10150085,-0.007846707
10150086,-0.011652518
10150087,-0.011608428
10150088,-0.005419821
10150089,-0.008720317
10150090,-0.007113191
10150091,-0.004153702
10150092,-0.002028436
10150093,-0.000926523
10150094,0.000946709
10150095,0.005356371
10150096,0.00399772
10150097,-0.00020564
10150098,0.000909673
10150099,-0.006579429
10150100,-0.005451463
10160001,-0.005451474
10160002,-0.012564353
10160003,-0.004595437
10160004,0.001257087
10160005,0.01129987
10160006,0.007131323
10160007,0.005573839
10160008,0.006019661
10160009,0.003787068
10160010,-0.00188025
10160011,-0.003798339
10160012,-0.002795802
10160013,-0.009029561
10160014,-0.008657446
10160015,-0.011133083
10160016,-0.013196079
10160017,-0.014867361
10160018,-0.017442973
10160019,-0.025484599
10160020,-0.033485269
10160021,-0.043175572
10160022,-0.064816691
10160023,-0.089158393
10160024,-0.123991387
10160025,-0.175324644
10160026,-0.233820003
10160027,-0.313758356
10160028,-0.414569654
10160029,-0.53019851
10160030,-0.670238476
10160031,-0.832191995
10160032,-1.004158949
10160033,-1.187252799
10160034,-1.365132565
10160035,-1.523373516
10160036,-1.642119483
10160037,-1.698836418
10160038,-1.658062592
10160039,-1.495101985
10160040,-1.196030331
10160041,-0.746365486
10160042,-0.16063982
10160043,0.511658076
10160044,1.209234902
10160045,1.862440767
10160046,2.411806015
10160047,2.821843907
10160048,3.081464512
10160049,3.198085034
10160050,3.184850077
10160051,3.060822313
10160052,2.855907729
10160053,2.582845848
10160054,2.243860621
10160055,1.842425962
10160056,1.376772003
10160057,0.858475143
10160058,0.314873568
10160059,-0.209402027
10160060,-0.671375369
10160061,-1.044223558
10160062,-1.307755368
10160063,-1.456521285
10160064,-1.513050023
10160065,-1.489512366
10160066,-1.400300842
10160067,-1.274676884
10160068,-1.128620484
10160069,-0.970957526
10160070,-0.816935021
10160071,-0.675135555
10160072,-0.541617373
10160073,-0.429246682
10160074,-0.334193311
10160075,-0.256211037
10160076,-0.188757279
10160077,-0.141610542
10160078,-0.102025246
10160079,-0.073750173
10160080,-0.053954991
10160081,-0.036745813
10160082,-0.029296319
10160083,-0.022599164
10160084,-0.015493586
10160085,-0.013379614
10160086,-0.01225721
10160087,-0.009394903
10160088,-0.0060021
10160089,-0.009250812
10160090,-0.000284513
10160091,-0.000879105
10160092,0.00117148
10160093,0.007381012
10160094,0.010550617
10160095,0.008721231
10160096,0.01115798
10160097,0.011024795
10160098,0.001368646
10160099,-0.00619162
10160100,-0.005451482
10170001,-0.00545153
10170002,0.002302624
10170003,0.015606481
10170004,0.021058424
10170005,0.021527965
10170006,0.020365012
10170007,0.018746154
10170008,0.011025441
10170009,0.009418861
10170010,0.004057763
10170011,-0.002993671
10170012,-0.004379974
10170013,-0.010736581
10170014,-0.014676471
10170015,-0.020098076
10170016,-0.027499468
10170017,-0.033288254
10170018,-0.042420382
10170019,-0.061048956
10170020,-0.076487385
10170021,-0.097798053
10170022,-0.134389693
10170023,-0.173243117
10170024,-0.223393832
10170025,-0.29504737
10170026,-0.371938663
10170027,-0.464891501
10170028,-0.580649743
10170029,-0.711225992
10170030,-0.852393841
10170031,-1.007351262
10170032,-1.169573965
10170033,-1.322168643
10170034,-1.461101296
10170035,-1.573075423
10170036,-1.627457321
10170037,-1.613034067
10170038,-1.509847622
10170039,-1.29427189
10170040,-0.954220299
10170041,-0.506044011
10170042,0.052738714
10170043,0.676255075
10170044,1.310713111
10170045,1.920857296
10170046,2.442312852
10170047,2.851640086
10170048,3.14262178
10170049,3.289729132
10170050,3.314868035
10170051,3.233458049
10170052,3.043630328
10170053,2.776997506
10170054,2.435489238
10170055,2.01732763
10170056,1.550054978
10170057,1.041276774
10170058,0.507681561
10170059,0.00160196
10170060,-0.463019106
10170061,-0.854227202
10170062,-1.144068927
10170063,-1.351253194
10170064,-1.462609378
10170065,-1.489922897
10170066,-1.459491549
10170067,-1.381621766
10170068,-1.264537778
10170069,-1.130593375
10170070,-0.993365503
10170071,-0.850141139
10170072,-0.716381822
10170073,-0.596826006
10170074,-0.487141225
10170075,-0.388773908
10170076,-0.311029791
10170077,-0.246377207
10170078,-0.185612232
10170079,-0.143583729
10170080,-0.112874565
10170081,-0.080707402
10170082,-0.063112288
10170083,-0.051087044
10170084,-0.035356631
10170085,-0.026422387
10170086,-0.022630962
10170087,-0.014884812
10170088,-0.009990383
10170089,-0.005357972
10170090,0.000967014
10170091,0.002280272
10170092,0.009860949
10170093,0.015629923
10170094,0.015427096
10170095,0.022312172
10170096,0.021224735
10170097,0.01827582
10170098,0.011416852
10170099,-0.001533147
10170100,-0.00545152
10180001,-0.005451569
10180002,0.011712613
10180003,0.030478844
10180004,0.036601132
10180005,0.033509696
10180006,0.036412702
10180007,0.029639163
10180008,0.020642743
10180009,0.0160375
10180010,0.009642871
10180011,-0.000149214
10180012,-0.007007059
10180013,-0.012618098
10180014,-0.023988024
10180015,-0.032743901
10180016,-0.041095416
10180017,-0.057800769
10180018,-0.074129205
10180019,-0.093132716
10180020,-0.124243059
10180021,-0.157857411
10180022,-0.204532747
10180023,-0.26081753
10180024,-0.32702101
10180025,-0.413585611
10180026,-0.508719608
10180027,-0.62259036
10180028,-0.754759119
10180029,-0.890832118
10180030,-1.039661817
10180031,-1.194463465
10180032,-1.343176301
10180033,-1.474098122
10180034,-1.57950864
10180035,-1.642710476
10180036,-1.646547238
10180037,-1.569489471
10180038,-1.404111297
10180039,-1.133414955
10180040,-0.752422348
10180041,-0.276496621
10180042,0.285582623
10180043,0.897855721
10180044,1.512827414
10180045,2.100103423
10180046,2.612327809
10180047,3.022025259
10180048,3.311658742
10180049,3.471767656
10180050,3.506626213
10180051,3.424804456
10180052,3.233238305
10180053,2.950715224
10180054,2.586689615
10180055,2.156627755
10180056,1.675125012
10180057,1.158703985
10180058,0.62952991
10180059,0.128620289
10180060,-0.340265255
10180061,-0.740265045
10180062,-1.053328707
10180063,-1.28791866
10180064,-1.433940403
10180065,-1.504865244
10180066,-1.509721375
10180067,-1.460893946
10180068,-1.376301211
10180069,-1.261871935
10180070,-1.134226678
10180071,-1.000820069
10180072,-0.864801641
10180073,-0.73788361
10180074,-0.623842943
10180075,-0.513283584
10180076,-0.418318311
10180077,-0.342516615
10180078,-0.270092995
10180079,-0.216326575
10180080,-0.169923463
10180081,-0.132627994
10180082,-0.104116359
10180083,-0.078172625
10180084,-0.060823153
10180085,-0.048448584
10180086,-0.031853847
10180087,-0.024991031
10180088,-0.015022225
10180089,-0.002355916
10180090,0.001975838
10180091,0.007601216
10180092,0.019450985
10180093,0.022395012
10180094,0.024525373
10180095,0.03113731
10180096,0.03004674
10180097,0.022232206
10180098,0.013840112
10180099,-0.003777906
10180100,-0.005451546
10190001,-0.005451582
10190002,-0.000992795
10190003,0.020839573
10190004,0.035905466
10190005,0.044722136
10190006,0.044317868
10190007,0.042193282
10190008,0.037654769
10190009,0.026486248
10190010,0.017634793
10190011,0.008585214
10190012,-0.003938607
10190013,-0.01860279
10190014,-0.029416029
10190015,-0.048342132
10190016,-0.067920939
10190017,-0.089203992
10190018,-0.118346189
10190019,-0.155191779
10190020,-0.197161335
10190021,-0.250436827
10190022,-0.315794463
10190023,-0.391715305
10190024,-0.482103996
10190025,-0.585295892
10190026,-0.70165034
10190027,-0.836411389
10190028,-0.973837629
10190029,-1.119902122
10190030,-1.27295039
10190031,-1.416315694
10190032,-1.545546981
10190033,-1.651656098
10190034,-1.7137616
10190035,-1.727168342
10190036,-1.675633822
10190037,-1.538548984
10190038,-1.313779172
10190039,-0.994922312
10190040,-0.574370838
10190041,-0.071543051
10190042,0.497030634
10190043,1.111167461
10190044,1.720144008
10190045,2.303603346
10190046,2.82447966
10190047,3.247453435
10190048,3.55845761
10190049,3.7494046
10190050,3.812218706
10190051,3.750862157
10190052,3.579360711
10190053,3.301103253
10190054,2.931989418
10190055,2.491363379
10190056,1.993299816
10190057,1.454811912
10190058,0.904913255
10190059,0.375111794
10190060,-0.124775831
10190061,-0.563605902
10190062,-0.933424111
10190063,-1.222935493
10190064,-1.427309481
10190065,-1.55636814
10190066,-1.617811963
10190067,-1.612776902
10190068,-1.563032885
10190069,-1.477782943
10190070,-1.36264461
10190071,-1.237451037
10190072,-1.099487696
10190073,-0.963427181
10190074,-0.831970997
10190075,-0.711137807
10190076,-0.596842311
10190077,-0.494101911
10190078,-0.404862404
10190079,-0.330432169
10190080,-0.263861484
10190081,-0.209588518
10190082,-0.163706358
10190083,-0.128186146
10190084,-0.098392175
10190085,-0.07188808
10190086,-0.051885359
10190087,-0.037345635
10190088,-0.016388563
10190089,-0.007683521
10190090,0.006809606
10190091,0.01979902
10190092,0.026609895
10190093,0.037136263
10190094,0.04581058
10190095,0.047561682
10190096,0.049116473
10190097,0.042322605
10190098,0.030148502
10190099,0.006711972
10190100,-0.005451589
10200001,-0.005451617
10200002,0.002350497
10200003,0.028974866
10200004,0.051922789
10200005,0.059562459
10200006,0.056071994
10200007,0.056744178
10200008,0.047323174
10200009,0.033340344
10200010,0.020145068
10200011,0.004949566
10200012,-0.015127319
10200013,-0.032343075
10200014,-0.055605665
10200015,-0.083081082
10200016,-0.11145308
10200017,-0.146505004
10200018,-0.188358184
10200019,-0.238023967
10200020,-0.293930606
10200021,-0.359749775
10200022,-0.4408655
10200023,-0.529468359
10200024,-0.628259361
10200025,-0.742783672
10200026,-0.868385122
10200027,-0.995092751
10200028,-1.132460504
10200029,-1.272380865
10200030,-1.39785311
10200031,-1.515071889
10200032,-1.612208875
10200033,-1.669560761
10200034,-1.687773611
10200035,-1.65153877
10200036,-1.540117435
10200037,-1.357421488
10200038,-1.093725025
10200039,-0.739682446
10200040,-0.304690844
10200041,0.19436655
10200042,0.748032365
10200043,1.328900453
10200044,1.903345583
10200045,2.447143002
10200046,2.927113699
10200047,3.320913197
10200048,3.613100955
10200049,3.787589636
10200050,3.843205244
10200051,3.783078826
10200052,3.611867713
10200053,3.343451339
10200054,2.986405101
10200055,2.55585467
10200056,2.078329461
10200057,1.566213821
10200058,1.039696032
10200059,0.529490102
10200060,0.0449169
10200061,-0.38943118
10200062,-0.75849708
10200063,-1.065782102
10200064,-1.295972398
10200065,-1.451835487
10200066,-1.54608846
10200067,-1.58355889
10200068,-1.567592044
10200069,-1.510674508
10200070,-1.43392202
10200071,-1.325375888
10200072,-1.205713317
10200073,-1.089379204
10200074,-0.963087608
10200075,-0.839642849
10200076,-0.729103398
10200077,-0.623928807
10200078,-0.52473687
10200079,-0.440029687
10200080,-0.369224242
10200081,-0.29962373
10200082,-0.244671872
10200083,-0.198188656
10200084,-0.157891522
10200085,-0.119548471
10200086,-0.091115563
10200087,-0.064190154
10200088,-0.039436976
10200089,-0.016673712
10200090,0.001051472
10200091,0.019387068
10200092,0.034618353
10200093,0.04760947
10200094,0.059083439
10200095,0.068244479
10200096,0.064737904
10200097,0.063951976
10200098,0.05102054
10200099,0.020829862
10200100,-0.005451633
